nombre,apellido,edad
Juan,Pérez,28
Ana,Gómez,34
Luis,Martínez,22
María,López,45
Carlos,Sánchez,30
Lucía,Ramírez,27
Diego,Torres,38
Sofía,Díaz,19
Javier,Hernández,41
Clara,Jiménez,33
Andrés,Castro,29
Valentina,Mora,31
Samuel,Fuentes,25
Gabriela,Ortega,36
Mateo,Carrillo,22
Camila,Salazar,40
Nicolás,Reyes,27
Isabella,Vásquez,33
Fernando,Montoya,39
Samantha,Parra,24
Fernando,Alvarez,37
Elena,Rojas,28
Santiago,Palacios,31
Paola,Silva,26
Ricardo,Bermúdez,42
Victoria,Cuervo,30
Diego,González,23
Luciana,Marín,35
Hugo,Paniagua,29
Claudia,Quintero,41
Omar,Córdoba,32
Mariana,Ceballos,27
José,Alarcón,38
Laura,Peña,34
Adrián,Valdés,24
Renata,Sotelo,30
Felipe,Luna,39
Natalia,Téllez,22
Manuel,Cardenas,45
Isabel,Pizarro,33
Antonio,Duarte,26
Silvia,Rivera,37
Joaquín,Aguirre,31
Carolina,Narváez,22
Esteban,Salas,40
Bianca,Guerrero,25
Raúl,Montes,34
Marta,Torrealba,29
Gabriel,Campos,23
Valeria,Salcedo,38
Alberto,Gálvez,41
Lucía,Zamora,32
Cristian,Ortega,28
Patricia,Hidalgo,45
Nicolás,López,36
Juliana,Castillo,24
Rafael,Torres,30
Diana,Baquero,39
Mauricio,Cedillo,27
Alejandra,Esquivel,33
Leonardo,Ponce,35
Andrea,Arango,21
Sergio,Ramírez,44
Emma,Reyes,28
Hernán,Marin,30
Cecilia,Gómez,36
Julio,Medina,29
Tamara,Salazar,22
Gustavo,Mendoza,38
Ana,Velasco,40
Salvador,Campos,34
Roberto,Martínez,33
Lina,Jiménez,27
Pablo,Rincón,29
Yasmin,Ruiz,31
Alfonso,Pérez,36
Claudia,Fuentes,24
Felipe,Valenzuela,38
Verónica,Chávez,30
Ángel,Montoya,25
Diana,Castro,34
Oscar,Pineda,22
Mónica,Trujillo,39
René,Gómez,28
Carmen,López,45
Eduardo,Serrano,30
Alicia,Nieto,23
Leonor,Ceballos,37
Marcos,Palacios,40
Silvana,Navarro,26
Hugo,Mora,34
Karla,Cuéllar,31
Julio,Solano,28
Nora,Escobar,36
Mauro,Arce,22
Teresa,Quintero,39
Iván,Camacho,27
Angela,Silva,33
Santiago,Ramírez,24
Cecilia,Benavides,42
César,Alfaro,30
Patricia,Córdova,29
Estefanía,Díaz,35
Cristian,Montes,38
Mauricio,Cruz,26
Verónica,Salazar,41
Rodolfo,León,34
Jessica,Parra,25
Luis,Correa,45
Patricio,Galindo,35
Mariana,Alarcón,27
Héctor,Sotelo,32
Estela,Vásquez,29
Fernando,Carranza,34
Gabriela,López,28
Santiago,Córdoba,40
Marisol,Valencia,22
Diana,Hernández,41
Cristina,Ríos,30
Diego,Pizarro,26
Carmen,Acosta,38
Nicolás,Jaramillo,24
Olga,Peña,33
Alejandro,Moreno,39
Laura,Trujillo,25
Hugo,Sandoval,36
Sofía,González,29
Fernando,Arrieta,31
Alba,Ramírez,42
Ricardo,Núñez,27
Marta,Montes,23
Julián,Campos,34
Silvia,Ortega,38
Raúl,Quintero,30
Claudia,Salas,22
Felipe,Martínez,35
Lucía,Téllez,40
Andrés,Ramírez,28
Tamara,Correa,36
Victor,Valdés,31